Antwort ID;Letzte Seite;Start-Sprache;Zufallsstartwert;Wie alt sind Sie? (Angabe in Jahren);Welchem Geschlecht fühlen Sie sich zugehörig?;Wie lange haben Sie sich in der Installation aufgehalten?;Haben Sie bereits Erfahrung mit interaktiven Kunstinstallationen?;Umgang mit Technologie  [     Wie sicher fühlen Sie sich im Umgang mit modernen digitalen Technologien? ];Räumliche Präsenz Skala  [Ich hatte das Gefühl, dass ich in der Umgebung der Projektion tatsächlich anwesend war. ];Räumliche Präsenz Skala  [Es schien, als ob ich tatsächlich an der Darstellung beteiligt war. ];Räumliche Präsenz Skala  [Es kam mir vor, als hätte sich mein wahrer Standort in die Umgebung der Projektion verschoben. ];Räumliche Präsenz Skala  [Ich hatte das Gefühl, dass ich in der Umgebung der Projektion physisch anwesend war.];Haben Sie bemerkt, dass die Blumenprojektion sich durch den/die Sound/Geräusche beeinflussen lässt?;Haben Sie bemerkt, dass ihre Handbewegung die Projektion auf der linken Seite beeinflusst?;Interaktivität und Eingebundenheit     [Ich fühlte mich durch die Interaktivität des Systems stärker in das Erlebnis eingebunden.];Interaktions Skala     [ Die Objekte in der Projektion gaben mir das Gefühl, dass ich mit ihnen etwas anfangen kann. ];Interaktions Skala     [Ich hatte den Eindruck, dass ich in der Umgebung der Projektion agieren konnte. ];Interaktions Skala     [Ich hatte das Gefühl, dass ich mich zwischen den Objekten in der Projektion bewegen konnte.];Interaktions Skala     [Ich hatte den Eindruck, dass ich in der Umgebung der Projektion alles tun konnte, was ich wollte.];Systemeffizienz  [Das System reagierte schnell und ohne spürbare Verzögerung auf meine Eingaben.];Systemeffizienz  [Die Steuerung des Systems war intuitiv und leicht verständlich.];Systemeffizienz  [Ich konnte meine beabsichtigten Aktionen problemlos ausführen.];Gesamteindruck     [Wie zufrieden waren Sie insgesamt mit der Rauminstallation?];Was hat Ihnen an der Installation am meisten gefallen?;Was hätte verbessert werden können?;Würden Sie diese Installation weiterempfehlen?;Gesamtzeit;Gruppenzeit: Biografische Fragen;Fragenzeit: G02Q02;Fragenzeit: G02Q03;Fragenzeit: G02Q04;Fragenzeit: G02Q05;Fragenzeit: G02Q06;Gruppenzeit: Subjektive Wahrnehmung von Räumlicher Präsenz in der Kunstinstallation;Fragenzeit: G03Q07;Gruppenzeit: Subjektive Wahrnehmung von Interaktionsmöglichkeiten in der Kunstinstallation;Fragenzeit: G04Q08;Fragenzeit: G04Q09;Fragenzeit: G04Q10;Fragenzeit: G04Q011;Gruppenzeit: Interaktion wurde wahrgenommen;Fragenzeit: G05Q12;Gruppenzeit: Zufriedenheit;Fragenzeit: G06Q13;Fragenzeit: G06Q14;Fragenzeit: G06Q15;Fragenzeit: G06Q16
1;5;de;741096824;28;männlich;5-10 Minuten;Ja, mehrfach;4;5;5;4;4;Ja;Ja;5;5;5;5;5;5;5;5;5; ; ;Ja;64.24;20.81;;;;;;13.24;;15.84;;;;;Jun 17;;Aug 18;;;;
2;5;de;1961816463;61;weiblich;2-5 Minuten;Ja, mehrfach;3;3;2;4;3;Ja;Ja;5;4;4;4;3;5;5;5;5;Kombi- Raum/Licht-geräu;Alles gut;Ja;212.87;33.07;;;;;;32.21;;45.95;;;;;14.24;;87.4;;;;
3;5;de;1265896231;63;weiblich;Länger als 10 Minuten;Ja, mehrfach;1;5;5;5;5;Ja;Ja;5;5;5;5;5;5;5;5;5;Die Interaktion und eIne neue Wahrnehmung der Dinge;ch;Ja;285.96;30.42;;;;;;26;;37.01;;;;;Nov 77;;180.76;;;;
4;5;de;840209447;44;weiblich;5-10 Minuten;Ja, mehrfach;1;4;4;4;4;Ja;Ja;4;4;4;4;4;5;5;5;5;Auswahl der Bilder im der zweiten Installation, sehr filigran und dass sie mit Musik unterlegt war;nichts;Ja;266.63;46.05;;;;;;35.7;;54.38;;;;;22. Sep;;108.41;;;;
5;5;de;889877015;70;weiblich;weniger als 2 Minuten;Nein;2;1;1;1;5;Nein;Ja;1;1;1;1;1;3;3;3;1; ;Zu eng(kleiner Raum);Nein;251.67;47.61;;;;;;51.95;;68.35;;;;;25. Mär;;58.46;;;;
6;5;de;608237995;71;männlich;2-5 Minuten;Nein;4;3;3;3;4;Ich bin mir unsicher;Ich bin mir unsicher;4;4;4;4;4;;;;5;The constant  change.;Wasn't clear where to make movements;Ja;326.39;64.92;;;;;;50.62;;83.52;;;;;;;127.33;;;;
7;5;de;665218657;50;männlich;2-5 Minuten;Ja, einmal;3;5;4;4;4;Ja;Ja;5;5;5;5;5;5;5;5;5;Blumen;Etwas langsamer;Ja;124.35;50.64;;;;;;20.83;;19. Dez;;;;;Jul 38;;26.38;;;;
8;5;de;1120963421;22;weiblich;5-10 Minuten;Ja, mehrfach;4;4;3;4;4;Ja;Ich bin mir unsicher;4;5;4;3;3;5;5;5;4;Farben;mehr platz dazwischen;Ja;170.8;57.17;;;;;;25.22;;42.27;;;;;16.81;;29.33;;;;
9;5;de;677594590;25;weiblich;2-5 Minuten;Nein;5;4;5;2;3;Nein;Nein;5;3;4;2;3;;;;4;Die Interaktion durch bloßes Handbewegen. Hatte ich so noch nie gesehen und erlebt;Kurze Beschreibung/Anweisung vorher. Ich hatte beim ersten Hineingehen nicht bemerkt, dass ich mir der Projektion interagieren konnte;Ja;337.56;50.92;;;;;;51.64;;90.41;;;;;;;144.59;;;;
10;5;de;299569622;70;weiblich;5-10 Minuten;Nein;1;3;4;1;5;Ja;Ja;3;5;5;1;5;2;3;3;5;KI; ;Ja;178.58;28.23;;;;;;36.28;;60.22;;;;;27.63;;26.22;;;;
11;5;de;1919966208;68;weiblich;5-10 Minuten;Ja, mehrfach;3;4;4;4;4;Ja;Ja;4;4;3;4;2;4;4;4;4;die plastizität und Kombination von Gestaltung mit sound;Rhythmus von langsamen und schnellen Bildwechsel und pausen;Ja;345.54;122.98;;;;;;32.16;;46.19;;;;;18.72;;125.49;;;;
12;5;de;1646622593;38;weiblich;2-5 Minuten;Ja, mehrfach;4;5;5;4;4;Ja;Ja;5;5;4;4;3;4;5;5;5;Schnelligkeit der reaktion, einführungstext kurz und knapp, multisensorisches erleben von Kunst, geglückter Transfer visuell erfasstes in Aktion zu überführen, Motive und Farbigkeit ;Fußabdruck auf dem Boden;Ja;527.62;43.48;;;;;;58.12;;74.86;;;;;68.01;;283.15;;;;
13;5;de;1079699754;69;weiblich;2-5 Minuten;Ja, mehrfach;3;5;5;4;5;Nein;Ja;5;5;5;5;5;5;5;4;5;Rechte seite;externe geräusche;Ja;238.71;52.36;;;;;;39.84;;62.3;;;;;23.66;;60.55;;;;
14;5;de;745582240;41;weiblich;weniger als 2 Minuten;Nein;3;3;5;1;3;Ja;Ja;5;3;5;3;3;5;2;3;5;Die Schönheit der Bilder, die sich ständig wandelten ;Anleitung. Andere Besucher standen unbeweglich und so hatte ich wenig Möglichkeiten, die Installation zu erleben (statt nur zu beobachten);Ja;296.67;51.55;;;;;;43.9;;54.4;;;;;17.34;;129.48;;;;
15;5;de;985651063;80;weiblich;5-10 Minuten;Ja, mehrfach;3;5;5;4;5;Nein;Ja;5;3;5;4;5;5;5;5;5;Rechte seite; ;Ja;217.99;46.51;;;;;;40.23;;74.96;;;;;18. Sep;;38.2;;;;
16;5;de;862988544;76;weiblich;weniger als 2 Minuten;Nein;3;5;5;5;5;Ja;Ja;5;5;4;5;5;5;2;5;5; ; ;Ja;204.39;47.54;;;;;;41.8;;65.91;;;;;27.84;;21. Mär;;;;
17;5;de;645899840;28;weiblich;5-10 Minuten;Nein;4;4;4;3;4;Ja;Ja;4;4;4;3;3;4;4;4;4;Die Interaktion und das Gefühl direkt mittendrin zu sein;;Ja;179.57;27.27;;;;;;28.73;;52.32;;;;;14.96;;56.29;;;;
18;5;de;387960227;80;weiblich;2-5 Minuten;Nein;4;4;5;2;2;Nein;Ja;4;2;4;2;4;5;4;4;3;Die Farben die interpolation;Hinweise;Ja;343.39;54.74;;;;;;67.1;;73.64;;;;;37.21;;110.7;;;;
19;5;de;1148125868;69;weiblich;2-5 Minuten;Nein;3;3;5;2;2;Ja;Ja;5;5;5;2;5;5;4;5;4;Überraschungseffekte, aktiv werden zu können;;Ja;520.53;43.36;;;;;;66.05;;71.8;;;;;31.63;;307.69;;;;
20;5;de;810540740;23;männlich;2-5 Minuten;Ja, einmal;3;4;5;2;3;Ja;Ja;4;4;4;5;5;5;5;5;5;;;Ja;255.25;72.01;;;;;;57.85;;77.76;;;;;15. Feb;;32.61;;;;
21;5;de;1367149119;21;weiblich;2-5 Minuten;Nein;3;5;5;3;3;Nein;Ja;5;4;5;1;2;5;3;4;4;Interaktion mit der Kunst;Erklärungen über die Geräte und deren Funktion;Ja;196.74;34.25;;;;;;25.75;;53.82;;;;;15.24;;67.68;;;;
22;5;de;985698465;43;weiblich;2-5 Minuten;Ja, mehrfach;5;5;5;4;3;Ja;Ja;5;5;4;5;5;5;5;5;5;;;Ja;254.13;75.35;;;;;;36.54;;56.21;;;;;17.87;;68.16;;;;
23;5;de;1469059518;68;weiblich;2-5 Minuten;Nein;3;2;4;1;2;Ja;Ja;4;3;3;1;4;4;4;3;5;Dass man was verändern konnte, Einflussnahme;360 Grad und Hinweise;Ja;308.5;41.11;;;;;;76.25;;75.83;;;;;28.74;;86.57;;;;
24;5;de;455371591;66;männlich;2-5 Minuten;Ja, einmal;1;4;5;4;5;Nein;Ja;4;4;4;3;3;4;3;3;4;Mögliche Interaktion mit kreativer Ansätzen;Anleitung zur Durchführung;Ja;252.34;31.77;;;;;;35.91;;55.77;;;;;24.92;;103.97;;;;
25;5;de;909274173;60;weiblich;2-5 Minuten;Nein;3;4;4;1;3;Nein;Ja;3;2;3;3;4;3;2;2;3;Interessant, aber gefallen kann ich nicht sagen;Persönliche Erklärung wichtig, die Technik ist für mich etwas unberührend;Ich bin mir unsicher;534.96;38.85;;;;;;118.89;;129.27;;;;;33.79;;214.16;;;;
26;5;de;1375019028;59;weiblich;5-10 Minuten;Ja, mehrfach;2;5;4;2;2;Nein;Ja;5;4;4;4;3;5;2;3;4;dass ich Bilder mit meinen Bewegungen generieren konnte, schnelles Tempo, visuell interessant und einfangend;persönlich Erklärung War für mich notwendig, ohne euch Künstler wäre es mir zu flüchtig gewesen ;Ja;622.34;41.43;;;;;;50.55;;140.7;;;;;35.35;;354.31;;;;
27;5;de;1314726727;71;männlich;2-5 Minuten;Ja, einmal;4;2;2;2;1;Nein;Ja;2;3;3;2;1;5;5;5;5;;;Ja;211.55;48.7;;;;;;34.26;;63.81;;;;;21.29;;43.49;;;;
28;5;de;90057662;64;weiblich;2-5 Minuten;Ja, einmal;3;4;4;2;3;Ja;Ja;5;4;5;2;3;5;5;5;4;Das agieren mit den händen, Reaktion auf die sehr lauten geräusche. mir gefällt, wenn etwas sehr dynamisch ist;;Ja;352.12;44.33;;;;;;42.62;;87.08;;;;;18.92;;159.17;;;;
29;5;de;1867922058;39;männlich;2-5 Minuten;Ja, mehrfach;5;4;5;4;5;Ja;Ja;4;5;5;3;5;4;4;5;5;Hand Installation und vogelgeräusche aus den tropen;Größere Leinwand ;Ja;165.36;24.88;;;;;;28.56;;38.6;;;;;11. Mär;;62.02;;;;
30;5;de;69032209;39;männlich;2-5 Minuten;Ja, mehrfach;5;4;5;4;5;Ja;Ja;4;5;5;4;5;4;5;5;5;Hand installation;grössere Leinwand , getrennte Räume ;Ja;155.69;30.76;;;;;;18. Aug;;43.05;;;;;Sep 43;;54.37;;;;
31;5;de;163466648;61;weiblich;5-10 Minuten;Ja, mehrfach;4;3;4;2;1;Ich bin mir unsicher;Ja;5;5;4;5;5;5;4;5;5;die Kombi Töne und bild, der handscanner;bei der handscanner Aktion mehr erklärung;Ja;273.14;39.23;;;;;;45.07;;70.07;;;;;23.27;;95.5;;;;
32;5;de;1387176062;28;weiblich;2-5 Minuten;Nein;5;1;4;1;5;Ich bin mir unsicher;Ich bin mir unsicher;1;1;5;5;2;;;;5;Dirigieren und es beeinflussen zu können ;Erklärung dazu wäre schön;Ja;337.96;54.12;;;;;;62.84;;131.78;;;;;;;89.22;;;;
33;5;de;1585115184;33;männlich;weniger als 2 Minuten;Ja, mehrfach;5;5;4;4;4;Ja;Ja;5;5;5;5;3;4;2;4;4;Hübsche Blumen und Farben;"Prägnantere ""Arbeitsaufträge"", wie es funktioniert";Ich bin mir unsicher;203.47;26.54;;;;;;42.63;;48.66;;;;;18. Sep;;66.74;;;;
34;5;de;530067516;55;weiblich;weniger als 2 Minuten;Nein;1;5;4;1;5;Ja;Ja;5;5;5;3;5;2;1;3;3;Die originelle und kreative IMRERPRETSTION UND Erweiterung von Rahels Werk.;Ich war ratlos was ich tun sollte. Kleine Gebrauchsanweisung wäre gut.;Ja;295.94;31.75;;;;;;39.52;;66.51;;;;;22.29;;135.87;;;;
35;5;de;1759648804;58;weiblich;5-10 Minuten;Nein;3;4;4;3;4;Nein;Ja;4;3;3;3;2;4;2;4;4;Der Ton, Gezwitscher etc.;Doch etwas mehr Anleitung ;Ja;315.09;52.25;;;;;;69.74;;82.77;;;;;30. Jan;;80.23;;;;
36;5;de;584070770;70;männlich;weniger als 2 Minuten;Ja, einmal;3;5;4;2;5;Nein;Ja;5;5;5;5;2;5;4;5;5; ; ;Ja;409.96;48.3;;;;;;198;;91.23;;;;;48.55;;23.88;;;;
37;5;de;2002371404;66;weiblich;2-5 Minuten;Ja, mehrfach;4;3;1;1;2;Ja;Ja;1;5;5;2;5;5;3;2;4;der Sound , farbe;langsame interpolation;Ja;708.69;47.61;;;;;;84.3;;157.35;;;;;50.92;;368.51;;;;
38;5;de;1553065837;34;männlich;2-5 Minuten;Ja, einmal;3;4;4;3;3;Ja;Ja;5;5;4;2;3;5;5;5;5; ; ;Ja;67.32;13.66;;;;;;Mai 59;;14.21;;;;;23.61;;Okt 25;;;;
39;5;de;481740925;63;weiblich;2-5 Minuten;Ja, einmal;4;3;2;2;4;Ja;Ja;3;2;4;2;2;4;4;4;3;Mitmachen;Raffinierter;Ich bin mir unsicher;189.29;41.49;;;;;;28. Apr;;71.73;;;;;18.73;;28.94;;;;
40;5;de;15382862;22;weiblich;2-5 Minuten;Ja, mehrfach;5;5;5;5;5;Ja;Nein;5;5;5;5;5;5;5;5;5;Einblick in interaktiver Kunst;War toll;Ja;187.29;34.07;;;;;;20.81;;60.92;;;;;14.94;;56.55;;;;
41;5;de;1797776967;64;weiblich;weniger als 2 Minuten;Ja, einmal;2;1;1;1;1;Ich bin mir unsicher;Ich bin mir unsicher;1;2;2;1;1;;;;2;plötzliche Bewegung, Ästhetik;Anleitung;Ich bin mir unsicher;197.65;36.66;;;;;;44.73;;46.42;;;;;;;69.84;;;;
42;5;de;76651933;25;weiblich;2-5 Minuten;Nein;5;3;2;2;2;Ja;Ja;4;4;4;3;3;5;5;5;5;interaktion;kontext;Ja;135.8;50.19;;;;;;28. Apr;;22.75;;;;;07. Sep;;26.56;;;;
43;5;de;2119102250;66;männlich;Länger als 10 Minuten;Ja, mehrfach;4;5;5;5;4;Ja;Ja;5;5;5;4;5;5;5;5;5;die optische Darstellung mit den Hintergrundgeräuschen;ein etwas größerer Raum 😏;Ja;189.24;43.41;;;;;;27.39;;35.58;;;;;Dez 52;;70.34;;;;
44;5;de;921046525;22;weiblich;weniger als 2 Minuten;Ja, mehrfach;4;2;2;2;2;Nein;Nein;1;3;1;1;1;;;;3;sieht cool aus;DonT know;Ich bin mir unsicher;229.41;38.56;;;;;;59.68;;71.18;;;;;;;59.99;;;;
45;5;de;705949199;22;weiblich;weniger als 2 Minuten;Ja, einmal;4;1;5;1;1;Nein;Ja;5;3;4;1;2;5;4;4;4;Es war unerwartet. Die Interaktion war sehr toll;Vielleicht Anweisungen in der installation;Ich bin mir unsicher;288.41;29.93;;;;;;52.13;;80.29;;;;;39.96;;86.1;;;;
46;5;de;1593436482;68;weiblich;weniger als 2 Minuten;Ja, einmal;3;4;4;2;5;Nein;Ja;5;4;4;5;5;5;5;5;5;interpolation Gesicht blätter; ;Ja;275.03;52.09;;;;;;78.87;;68.41;;;;;24.49;;51.17;;;;
47;5;de;1284974421;71;weiblich;2-5 Minuten;Nein;2;3;1;2;1;Ja;Ja;5;4;5;3;5;4;5;5;5;handinteraktion;Hinweis auf interaktion;Ja;364.93;75.67;;;;;;40.88;;85.73;;;;;26.76;;135.89;;;;
48;5;de;1585594506;65;weiblich;2-5 Minuten;Nein;3;5;3;2;4;Nein;Ja;4;4;4;2;3;5;5;5;5;Zwei Farbgebungen blumenprojekt; ;Ja;238.05;32.46;;;;;;42.15;;73.17;;;;;19.62;;70.65;;;;
49;5;de;1125554409;43;männlich;5-10 Minuten;Nein;5;4;4;2;5;Ich bin mir unsicher;Ja;4;4;5;3;2;5;5;5;5;Interaktion;Nichts;Ja;61.66;14.16;;;;;;Nov 36;;19.26;;;;;Mär 22;;13.66;;;;
50;5;de;725241935;27;männlich;2-5 Minuten;Ja, mehrfach;5;4;5;3;5;Ja;Ja;5;4;4;4;4;5;5;5;5;Gesamterlebnis;Regulation vom Personen innerhalb der box;Ja;104.35;15. Jul;;;;;;16.97;;19.28;;;;;12. Jun;;40.43;;;;
51;5;de;1364707306;22;weiblich;5-10 Minuten;Ja, einmal;4;4;5;3;3;Ja;Ja;5;5;4;4;5;5;5;5;5; ; ;Ja;45.19;Nov 21;;;;;;Okt 27;;14.21;;;;;Mär 45;;06. Mai;;;;
52;5;de;1795176143;69;weiblich;5-10 Minuten;Ja, einmal;3;4;3;2;3;Ja;Ja;4;4;5;3;4;5;4;3;4;Als Kontrast zur analogen Ausstellung ;Zu schnell ;Ja;579.16;43.55;;;;;;90.25;;174.79;;;;;43.09;;227.48;;;;
53;5;de;1942617070;71;männlich;2-5 Minuten;Ja, einmal;4;3;5;2;4;Nein;Ja;3;5;5;2;3;5;5;4;4;Interaktivität durch Bewegung;Kurze Anleitung;Ja;219.55;54.12;;;;;;38.21;;57.19;;;;;23. Sep;;46.13;;;;
54;5;de;1568541303;75;männlich;2-5 Minuten;Nein;3;2;1;1;1;Ja;Ja;2;2;2;1;1;3;3;3;3;Das es funktioniert;;Ja;236.32;65.06;;;;;;38.88;;48.27;;;;;18.63;;65.48;;;;
55;5;de;1218736764;61;weiblich;2-5 Minuten;Nein;3;2;2;2;2;Ja;Nein;3;3;3;3;3;3;4;3;3;Verbindum;Verbindung von Blumen, Tönen, bewegung;Ja;244.13;51.85;;;;;;39.75;;51.65;;;;;27.62;;73.26;;;;
56;5;de;42835124;75;weiblich;5-10 Minuten;Ja, einmal;2;1;3;1;2;Ja;Ja;3;3;4;2;2;5;3;3;1;Interaktive;Anhalten der Bilder oder Slow Motion;Ja;352.67;59.3;;;;;;56.74;;104.51;;;;;38.45;;93.67;;;;
57;5;de;1697234065;23;N/A;2-5 Minuten;Ja, mehrfach;3;4;3;3;4;Nein;Nein;4;4;3;4;4;;;;5;Das Zusammenspiel von Bild und Sound. Die Abstraktion der blume;Mehr Imperative, die Stühle haben einen das Gefühl von Distanz gegeben und die Interaktion gespart. Vielleicht etwas mehr Konsortium mit Kissen, decken zum verweilen. Ich bin nicht so lange geblieben, da es sehr klein und vllt etwas beengend war und wie ein Durchgang aufgebaut ist.;Ja;297.49;22.82;;;;;;51.3;;83.97;;;;;;;139.4;;;;
58;5;de;1097959459;42;männlich;2-5 Minuten;Ja, mehrfach;5;2;5;2;1;Nein;Ja;4;3;4;1;1;5;5;4;5;;;Ja;121.94;26.17;;;;;;24.99;;39.15;;;;;Dez 46;;19.17;;;;
59;5;de;496475847;37;weiblich;2-5 Minuten;Nein;3;3;4;1;3;Ich bin mir unsicher;Ja;3;2;4;3;5;5;5;3;3;Das Morphen und das Gefühl von Grusel;der raum ist zu eckig;Ich bin mir unsicher;199.69;36.54;;;;;;32.2;;66.13;;;;;19.57;;45.25;;;;
60;5;de;400079730;21;weiblich;Länger als 10 Minuten;Nein;3;2;2;2;2;Ja;Ich bin mir unsicher;4;2;2;2;4;2;1;2;2;Die Farben;Bessere Anleitung ;Ich bin mir unsicher;154.46;32.09;;;;;;35.06;;51.87;;;;;Dez 94;;22. Mai;;;;
61;5;de;1052151573;24;männlich;2-5 Minuten;Nein;5;4;4;3;5;Ja;Ja;3;4;4;4;4;2;4;3;4;.;.;Ja;182.16;30.89;;;;;;53.66;;48.55;;;;;25. Apr;;23.66;;;;
62;5;de;1374688568;23;weiblich;2-5 Minuten;Ja, einmal;4;2;2;2;3;Ja;Ich bin mir unsicher;2;3;2;2;3;2;1;1;2;der ton;Steuerung und erklärung;Ich bin mir unsicher;196.25;35.12;;;;;;26.25;;60.94;;;;;27.94;;46;;;;
63;5;de;354902205;44;weiblich;5-10 Minuten;Nein;4;4;4;5;4;Ja;Ja;5;5;5;3;2;5;5;4;5; ; ;Ja;76.23;Dez 94;;;;;;22.84;;24.41;;;;;Jul 31;;Aug 73;;;;
64;5;de;418569579;32;weiblich;weniger als 2 Minuten;Nein;2;3;5;2;3;Nein;Ja;5;3;5;2;4;4;5;2;5;;Köpfe nicht einbinden;Ich bin mir unsicher;246.37;23. Feb;;;;;;67.62;;83.82;;;;;21. Mai;;50.41;;;;
65;5;de;389752020;61;weiblich;2-5 Minuten;Nein;3;4;2;1;2;Nein;Ja;1;1;2;5;1;2;2;3;4;Soumd;Erklätumgen;Ja;254.22;57.95;;;;;;56.31;;80.15;;;;;21.81;;38;;;;
66;5;de;1607714849;43;männlich;2-5 Minuten;Ja, einmal;5;4;4;2;3;Nein;Ja;4;3;3;3;4;4;5;4;4;Ki bilder; ;Ja;415.98;306.17;;;;;;15. Jan;;37.67;;;;;Aug 72;;48.32;;;;
67;5;de;1097334075;61;männlich;2-5 Minuten;Ja, mehrfach;2;4;1;1;1;Nein;Nein;1;1;1;1;3;;;;1; Analog Kunst besser darstellen; Reihenfolge ;Ich bin mir unsicher;514.85;57.14;;;;;;47.73;;295.26;;;;;;;114.72;;;;
68;5;de;1656014737;62;weiblich;weniger als 2 Minuten;Ja, mehrfach;4;3;3;3;3;Nein;Nein;3;3;3;3;3;;;;3;Ich habe die Installation leider erst durch das Interview verstanden – sehe sie mir aber nach dem Interview gleich nochmal an ;;;;;;;;;;;;;;;;;;;;;;;
69;5;de;1939183646;34;männlich;5-10 Minuten;Ja, einmal;4;5;5;4;1;Ja;Ja;5;5;4;4;5;5;5;4;5; ; ;Ja;82.26;15.37;;;;;;Aug 24;;23. Sep;;;;;13. Mär;;21.72;;;;
70;5;de;1633921108;68;weiblich;5-10 Minuten;Nein;4;5;5;4;4;Ja;Ja;5;5;5;5;5;5;2;5;5;Die Farben und Bewegung;Die Beschriftung Anleitung;Ja;217.57;40.82;;;;;;39.42;;64.07;;;;;29.51;;43.75;;;;
71;5;de;1128692690;76;weiblich;2-5 Minuten;Ja, einmal;3;2;3;4;2;Ja;Ja;4;3;4;2;4;5;5;4;4;Das Auftauchen der Objeke und die Bewegung;Weniger wechsel;Ja;484.59;80.16;;;;;;128.96;;113.8;;;;;32.53;;129.14;;;;
72;5;de;1027050940;61;weiblich;2-5 Minuten;Nein;4;4;2;2;4;Nein;Nein;1;5;1;3;2;;;;4;die farbnpracht;eeklärumg;Ja;182.4;33.41;;;;;;42.49;;57.6;;;;;;;48.9;;;;
73;5;de;1130004933;64;weiblich;5-10 Minuten;Ja, mehrfach;5;5;5;5;5;Ja;Ja;5;5;5;5;5;5;5;5;5;Die  Bilder und auch;Keine werden;Ja;205.16;63.83;;;;;;Okt 56;;26. Jun;;;;;Jul 44;;97.27;;;;
74;5;de;2135074551;42;weiblich;2-5 Minuten;Ja, mehrfach;3;2;4;2;2;Nein;Ja;2;3;3;2;1;5;5;5;5;;;Ja;140.02;30.76;;;;;;23. Mär;;36.73;;;;;20;;29. Mai;;;;
75;5;de;1546322053;41;weiblich;5-10 Minuten;Ja, mehrfach;3;4;4;3;5;Nein;Ja;4;3;4;4;4;5;5;5;5;Gesicht blüteninterpolation; ;Ja;518.78;161.9;;;;;;197.05;;51.64;;;;;Aug 33;;99.86;;;;
76;5;de;573087310;24;weiblich;Länger als 10 Minuten;Ja, einmal;1;5;4;5;1;Ja;Ja;4;2;4;4;5;5;5;5;5;farben;meeeeeeee(h)r;Ja;352.68;83.68;;;;;;89.98;;89.43;;;;;27.76;;61.83;;;;
77;5;de;1970058891;30;weiblich;weniger als 2 Minuten;Nein;3;2;1;1;1;Nein;Nein;1;1;1;1;3;;;;2;;Mehr Realismus, finde KI etwas gruselig;Nein;191.57;32.21;;;;;;25.81;;48.31;;;;;;;85.24;;;;
78;5;de;387809626;75;weiblich;2-5 Minuten;Nein;3;5;2;5;5;Nein;Nein;1;5;2;5;5;;;;5;Rote Blumen rechts; ;Ja;200.42;34.98;;;;;;69.69;;54.36;;;;;;;41.39;;;;
79;5;de;961569557;70;weiblich;weniger als 2 Minuten;Nein;1;1;1;1;1;Nein;Nein;1;2;1;1;1;;;;2;buntes boquet;viel;Ich bin mir unsicher;204.81;34.46;;;;;;52.96;;63.24;;;;;;;54.15;;;;
80;5;de;2140440924;31;weiblich;2-5 Minuten;Ja, mehrfach;4;4;4;2;2;Ja;Ja;3;3;4;2;2;4;4;3;4;;;Ja;288.17;23. Jul;;;;;;45.18;;95.81;;;;;34.34;;89.14;;;;
81;5;de;1207331931;66;männlich;2-5 Minuten;Nein;2;2;2;3;2;Ja;Ja;2;2;2;3;1;2;1;2;3;;;Ja;273.62;47.84;;;;;;69.05;;74.31;;;;;21.35;;61.07;;;;
82;5;de;635107664;43;weiblich;2-5 Minuten;Nein;5;4;5;3;5;Ja;Ja;5;5;4;4;5;5;4;5;5;Die gezeigten Bilder und Blumen. Die Idee, eine Installation in einer solchen Box zu machen, ist cool. ;vielleicht noch klassische Musik. Passt zu den Bildern;Ja;412.9;52.27;;;;;;66.61;;46.79;;;;;24.77;;222.46;;;;
83;5;de;1448505752;68;weiblich;2-5 Minuten;Ja, einmal;3;5;5;1;1;Nein;Ja;3;2;5;1;5;4;3;3;3;Blüten und farbigkeit;keine Angabe;Ja;746.24;197.93;;;;;;196.49;;103.63;;;;;59.62;;188.57;;;;
84;5;de;2102156545;27;weiblich;weniger als 2 Minuten;Ja, einmal;4;2;3;2;1;Nein;Ja;2;3;3;1;4;4;3;4;3;Bin überrascht sowas in der Alten Pinakothek zu sehen, sehr cool. Entwicklung von Studierenden ebenfalls eine schöne Kooperation.;Klarer Vermittlung, inwiefern man interaktiv werden kann.;Ja;460.52;160.9;;;;;;59.97;;59.86;;;;;13.59;;166.2;;;;
85;5;de;675813073;34;weiblich;2-5 Minuten;Ja, einmal;5;4;4;3;3;Ja;Ja;4;3;4;4;4;5;4;4;5; ; ;Ja;62.27;13.67;;;;;;Sep 83;;19.54;;;;;Aug 19;;11. Apr;;;;
86;5;de;1862103913;38;männlich;weniger als 2 Minuten;Ja, mehrfach;4;3;4;3;5;Ja;Ja;4;3;3;2;3;4;5;4;4;Artstyle;Mehrere Menschen gleichzeitig ;Ja;236.33;107.63;;;;;;15.61;;26.21;;;;;Jul 82;;79.06;;;;
87;5;de;1027063777;50;weiblich;2-5 Minuten;Ja, mehrfach;3;5;5;4;5;Ja;Ja;5;4;4;2;5;5;5;5;4;Geräusche;Mehr Sitzplätze, größer ;Ja;214.5;41.87;;;;;;33.97;;68.26;;;;;20.72;;49.68;;;;
88;5;de;920828681;54;weiblich;2-5 Minuten;Ja, einmal;4;3;4;4;4;Ja;Ja;4;3;4;3;2;5;5;4;4;Die Lebendigkeit;Ich hätte mir weniger Menschen und mehr Blumen gewünscht;Ja;141.35;29;;;;;;16.15;;34.7;;;;;Okt 33;;51.17;;;;
89;5;de;909478678;;weiblich;2-5 Minuten;Ja, mehrfach;4;4;5;4;4;Ja;Ja;5;5;5;5;4;4;4;5;5;Kreativität ;Mehr intuitive Lösung. Den Sensor habe ich nicht sofort erkannt. ;Ja;194.77;32.16;;;;;;43.96;;38.09;;;;;Nov 99;;68.57;;;;
90;5;de;647079530;26;weiblich;Länger als 10 Minuten;Ja, mehrfach;4;5;5;4;3;Nein;Ja;5;4;5;4;5;5;5;5;5;Die Freude, die es bei den Besuchern ausgelöst hat und das Gefühl, die Stillleben erleben zu können dank der modernen Technologien ;;Ja;317.4;34.35;;;;;;59.99;;71.48;;;;;Jul 33;;144.25;;;;
91;5;de;1550056767;64;männlich;5-10 Minuten;Ja, mehrfach;4;4;5;3;4;Nein;Ja;4;4;5;3;3;5;5;5;5;Die Interaktion;Töne als Interaktionmöglichkeit;Ja;277.69;79.67;;;;;;38.98;;66.8;;;;;21.48;;70.76;;;;
92;5;de;648923317;58;weiblich;5-10 Minuten;Nein;3;2;3;1;2;Ja;Ja;4;4;5;5;4;3;3;2;4;die Farben und Formen, die sich immer vwieder neu zusamm,ensetztenm f; ;Ja;230.18;37.66;;;;;;24. Dez;;42.16;;;;;14.88;;111.36;;;;
93;5;de;1659956950;44;weiblich;2-5 Minuten;Nein;4;3;4;2;4;Nein;Ja;5;4;4;2;1;5;5;5;4;;;Ja;274.5;89.83;;;;;;53.16;;53.7;;;;;24.53;;53.28;;;;
94;5;de;962262367;25;weiblich;5-10 Minuten;Ja, mehrfach;5;4;5;2;3;Ja;Ja;5;5;5;4;3;4;5;4;5;Übergang von Blume zu gesicht;;Ja;234.5;50.58;;;;;;20.65;;81.81;;;;;22.95;;58.51;;;;
95;5;de;358736266;43;männlich;2-5 Minuten;Ja, mehrfach;5;2;4;2;2;Nein;Ja;5;4;5;2;2;5;4;5;4;interaktiv mit Gesten ein Bild zu verändern ;;Ja;248.94;71.91;;;;;;40.77;;51.75;;;;;20.79;;63.72;;;;
96;5;de;1484859089;38;weiblich;weniger als 2 Minuten;Ja, mehrfach;5;4;1;1;4;Nein;Ja;4;4;4;3;2;3;3;3;4;Dynamik;;Ja;116.54;21.51;;;;;;18.43;;30.66;;;;;Nov 63;;34.31;;;;
97;5;de;2058262208;32;männlich;5-10 Minuten;Ja, mehrfach;5;3;3;4;2;Ja;Nein;2;4;4;4;4;4;1;1;5;;;Ja;128.45;32.36;;;;;;22.34;;38.11;;;;;15.55;;20. Sep;;;;
98;5;de;1956948381;52;weiblich;5-10 Minuten;Ja, einmal;3;2;4;3;5;Ja;Ja;5;5;5;4;2;4;5;5;5;Interaktion hand;Mapping ;Ja;396.56;58.32;;;;;;48.77;;69.2;;;;;26.24;;194.03;;;;
99;5;de;347421270;50;weiblich;5-10 Minuten;Ja, einmal;3;3;4;4;4;Nein;Ja;5;4;4;4;3;5;5;4;5;Sehr poetisch. Interaktion, konnte steuern wie die Bilder erscheinen;Beim Sound war die Livemusik im Saal störend ;;;;;;;;;;;;;;;;;;;;;;
100;5;de;1602435121;37;weiblich;2-5 Minuten;Ja, mehrfach;4;2;4;2;2;Ja;Ja;2;2;3;2;2;3;4;2;3;;;Ich bin mir unsicher;270.61;68.78;;;;;;47.4;;52.66;;;;;37.22;;64.55;;;;
101;5;de;1108595298;37;weiblich;weniger als 2 Minuten;Ja, mehrfach;3;2;3;2;2;Nein;Ja;4;3;3;2;4;3;2;2;2;wachsen der Blumen ;klarere Instrumentalisierung ;Ich bin mir unsicher;318.95;68.91;;;;;;56.64;;71.42;;;;;58.35;;63.63;;;;
102;5;de;91571657;24;weiblich;2-5 Minuten;Ja, einmal;2;4;4;2;3;Ja;Ja;4;4;4;2;3;4;5;5;5;Dass man alte Kunst  auf neue Art wahrnehmen kann;;Ja;267.49;50.69;;;;;;37.81;;81.33;;;;;18.77;;78.89;;;;
103;5;de;263958969;24;weiblich;2-5 Minuten;Ja, einmal;4;4;4;3;3;Ja;Ja;5;4;4;3;3;4;4;4;5;der Objektsensor und herauszufinden, warum wann Blumen und wann Gesichter aufgezeigt werden;;Ja;247.66;58.77;;;;;;29. Aug;;55.68;;;;;16. Feb;;87.39;;;;
104;5;de;48013880;33;weiblich;weniger als 2 Minuten;Ja, einmal;5;3;3;3;3;Ich bin mir unsicher;Ja;3;3;3;3;3;2;2;2;3;-;-;Ich bin mir unsicher;253.4;65.99;;;;;;48.53;;70.19;;;;;23. Mär;;45.39;;;;
105;5;de;63197763;35;N/A;weniger als 2 Minuten;Ja, mehrfach;5;2;3;2;3;Ja;Nein;3;3;3;2;4;4;4;4;3;;;Ich bin mir unsicher;395.86;45.48;;;;;;91.13;;179.67;;;;;30.45;;49.13;;;;
106;5;de;1032025221;23;weiblich;2-5 Minuten;Nein;5;3;3;2;3;Ja;Ja;4;4;3;4;3;5;5;5;4;;;Ja;258.86;35.12;;;;;;59.87;;104.37;;;;;35.98;;23.52;;;;
107;5;de;108405050;23;weiblich;2-5 Minuten;Ja, mehrfach;4;4;5;3;2;Nein;Ja;5;4;5;2;3;5;5;3;5;Sehr mitreißend durch die fließenden bewegungen;Mir war der bildfluss tatsächlich ein wenig zu Hecktisch, man konnte sich auf die einzelnen Bilder nicht 100% einlassen;Ja;251.04;23.65;;;;;;58.11;;70.28;;;;;Nov 68;;87.32;;;;